!	92
"	1288
#	395
$	2959
$:	4
$;	2
%	59
&	108
'	156
';	2
's	142
(	1258
(pre-)trained	1
)	1256
):	5
);	8
*	1220
*:	4
*;	3
+	60
,	2634
-	166
--	29
---	65
----	7
-----	2
------	3
-------	3
--------	4
---------	3
-----------	49
------------	14
-------------	7
--------------	5
---------------	3
----------------	1
-----------------	3
------------------	1
-------------------	3
--------------------	6
---------------------	3
----------------------	4
-----------------------	1
--------------------------	6
-----------------------------	2
---------------------------------	1
----------------------------------	1
-----------------------------------	5
------------------------------------	2
-------------------------------------	2
--------------------------------------	1
---------------------------------------	1
------------------------------------------	2
----------------------------------------------	1
------------------------------------------------------------	1
-0.65	1
-1	14
-1,1	1
-10	10
-101	1
-16	19
-18818	1
-19	1
-2	1
-20	6
-2020	1
-237	4
-3	3
-319	1
-35176	1
-5	1
-50	3
-642	1
-8	1
.	2283
..	4
...	19
.27634	1
.2883017	1
.3300065	1
.3330993	2
.3380218	2
.3389726	1
.3467455	2
.8	1
.95	6
/	130
0	54
0,1	11
0.00005	1
0.0002	1
0.001	3
0.004	1
0.009	1
0.01	4
0.022	1
0.026	1
0.028	1
0.03	1
0.035	1
0.036	2
0.039	1
0.042	1
0.05	2
0.050	1
0.056	1
0.063	1
0.064	1
0.068	1
0.070	2
0.074	1
0.08	1
0.1	1
0.17	1
0.191	2
0.194	2
0.195	1
0.197	1
0.199	2
0.2	1
0.200	1
0.203	1
0.205	1
0.207	1
0.21	1
0.211	1
0.213	2
0.215	1
0.216	1
0.218	1
0.223	1
0.226	2
0.234	1
0.238	1
0.24	2
0.288	1
0.3	1
0.307	1
0.31	1
0.319	1
0.329	1
0.331	1
0.336	2
0.338	1
0.339	1
0.34	1
0.340	1
0.342	1
0.346	1
0.359	1
0.37	1
0.370	1
0.371	1
0.379	2
0.382	1
0.388	2
0.39	2
0.390	1
0.4	1
0.41	2
0.419	1
0.43	2
0.44	1
0.45	4
0.458	1
0.465	2
0.466	1
0.468	2
0.476	1
0.478	1
0.48	1
0.485	1
0.49	1
0.5	7
0.505	1
0.51	2
0.519	1
0.521	1
0.522	1
0.523	2
0.53	1
0.532	1
0.533	1
0.54	1
0.548	1
0.565	1
0.566	1
0.569	1
0.577	1
0.58	2
0.582	1
0.593	1
0.60	4
0.603	1
0.604	1
0.606	2
0.609	1
0.61	3
0.615	2
0.616	1
0.620	1
0.623	1
0.630	1
0.631	3
0.632	1
0.633	2
0.634	5
0.635	2
0.636	4
0.637	1
0.64	2
0.640	1
0.642	1
0.643	1
0.653	1
0.658	1
0.660	2
0.661	1
0.662	1
0.666	1
0.667	1
0.669	2
0.670	2
0.671	2
0.672	2
0.674	1
0.675	1
0.676	1
0.679	1
0.68	1
0.680	2
0.683	1
0.684	1
0.685	2
0.686	1
0.69	1
0.693	1
0.7	1
0.700	1
0.704	1
0.705	1
0.707	1
0.708	1
0.711	1
0.712	1
0.715	1
0.716	1
0.718	2
0.719	1
0.727	1
0.730	2
0.74	6
0.744	1
0.745	1
0.749	1
0.75	1
0.75,0.25	1
0.759	1
0.76	1
0.762	1
0.769	1
0.770	1
0.778	1
0.779	1
0.78	3
0.790	1
0.796	1
0.8	3
0.80	3
0.803	1
0.804	1
0.809	1
0.818	1
0.819	1
0.82	2
0.820	1
0.824	1
0.828	1
0.831	1
0.833	2
0.834	1
0.836	1
0.838	1
0.84	3
0.840	1
0.847	1
0.848	1
0.85	2
0.86	2
0.860	1
0.87	6
0.870	1
0.872	1
0.874	1
0.88	1
0.883	1
0.886	1
0.889	1
0.89	4
0.892	1
0.898	2
0.90	2
0.905	1
0.906	1
0.908	2
0.91	5
0.911	1
0.915	2
0.92	2
0.920	1
0.922	4
0.926	2
0.93	7
0.936	1
0.937	1
0.938	1
0.94	7
0.943	1
0.947	4
0.95	5
0.951	2
0.955	1
0.958	1
0.96	2
0.960	1
0.961	2
0.962	1
0.965	1
0.968	1
0.97	5
0.974	2
0.978	1
0.98	1
0.982	4
0.987	4
0.99	3
0.992	4
0.996	3
0001	1
01	1
0125	1
02	2
03	1
06	6
07	2
08	3
09	5
1	242
1,000	1
1,1	8
1,14	2
1.00	8
1.05	1
1.6	1
1.806	1
1.9	1
1.944	1
1/2	1
10	45
10,000	2
100	16
1007/978	2
11	10
11,145	1
110	1
1136	3
1145/27633	1
1145/2872427	1
1145/3292500	2
1145/3299869	1
1145/3318464	1
1145/3366423	2
1145/3447548	2
12	15
125	1
128	3
13	21
138	1
138,000	1
14	17
14,14	8
148095	1
15	16
155	2
16	7
164	3
17	5
170	2
171	1
18	22
18401	1
19	6
192	1
1923	1
194	1
197104	1
1977	1
1978	1
1981	1
1982	1
1988	1
1995	1
1996	3
1998	2
1999	2
1:1	1
2	148
2,1	2
2.0	1
2.1	4
2.2	1
2.2.1	1
2.2.2	1
2.2.3	1
2.3.1	1
2.3.2	1
2.444	2
2.5	1
2.528	1
2.6	1
20	29
20,068	1
2000	5
2001	4
2002	2
2004	1
2005	3
2006	9
2007	3
2008	4
2009	11
2010	19
2011	2
2012	5
2013	6
2014	5
2015	12
2016	6
2016361	1
2017	16
2018	13
2018294	2
2019	36
2019512	1
2020	37
2021	7
2022	1
21	23
210	1
214183	1
216	1
22	2
220	1
224	4
22932	1
23	2
233254	1
235,000	1
237	1
24	2
25	13
25,000	2
250	8
26	3
268	1
27	3
27,000	1
28000	1
28102	1
3	76
3.1	5
3.2	4
3.3	4
3.4	7
3.5	7
30	1
300	1
30745	1
31	1
36	8
4	59
4.153	1
4.2	2
4.223	1
4.3	1
4.5	2
4/255	2
40	1
41	1
465	1
465,000	1
47	1
48	1
484	2
49	1
4:1	1
5	54
5.1	1
5.2	1
5.3	1
5.5	2
50	16
5000	3
51	1
512	5
52	4
53.5	1
54	1
579	1
6	32
6.2	2
6.3	1
6.5	1
6.6	1
60	8
695317	1
6982731	1
7	27
70	1
70.6	1
73	1
75	6
761	1
7728	1
78	3
78.7	1
8	14
8.1	4
8.2	2
8.3	2
8.4	3
8/255	4
80	6
81	1
83	1
83.1	1
85	1
89028	1
9	18
90	2
91.8	1
9300	1
9402016	1
95	14
96	1
97	1
:	1047
;	180
<	17
=	1645
>	24
?	11
@	456
[	860
\	2077
]	856
^	317
_	494
`	24
a	1106
a.j.b	1
a.j.b.	3
aaai	1
aaaisubjattribute	1
abbreviate	1
abdullah	2
aberration	1
ability	13
ablation	2
able	18
about	13
above	49
absence	2
absent	1
abstract	5
abundance	1
abundant	1
academic	1
accentuate	1
accept	4
acceptance	1
access	9
accommodate	2
accomplish	2
accord	18
accordance	1
accordingly	3
account	10
accur	17
accuracy	44
accurate	6
accurately	3
achieve	15
acknowledge	1
acknowledgement	3
acknowledgment	2
acquire	1
acr	3
across	21
act	3
action	3
actionable	3
activate	24
activation	84
activation_precision	3
active	1
activecf	1
actively	2
activity	2
activprec	5
actual	5
actually	5
acyclic	3
ad-hoc	1
adam	6
adapt	10
adaptation	1
add	19
addition	14
additional	35
additionally	2
additive-independent	1
address	9
adebayo	1
adequately	1
adhere	1
adjacency	6
adjust	3
adjustment	2
admit	1
admittedly	2
adopt	14
adoption	1
advance	1
advancement	1
advantage	4
adverb	1
adversarial	14
adversarialautoencoder	1
adversarialexamplesdiscovery	1
adversarialexamplesexplainharness	1
adversarially	7
advise	1
affect	4
affinity	4
after	9
afterwards	2
again	12
against	4
age	11
agent	2
agglomerative	1
aggregate	13
aggregation	1
agnostic	3
agree	8
agreed-upon	1
agreement	14
ai	16
ai-mammography	1
aid	2
aide	1
aim	21
akaho	1
akin	1
al.	6
alert	1
alex	1
algorithm	48
algorithmic	3
aliexpress	1
align	4
alignment	1
alike	1
alina	2
all	78
alleviate	2
allocate	2
allow	34
almost	6
alone	2
along	8
alpha	7
alpha_t(g)	8
alphad	2
already	2
also	73
alter	4
alternate	3
alternating	1
alternative	11
although	1
always	4
amazon	2
ambiguous	1
american	2
amin	1
among	11
amongst	3
amount	11
an	184
analogous	4
analogously	1
analogy	4
analysis	16
analytic	3
analyze	5
anchor	5
ancillary	1
and	971
animal	1
animate	1
anniversary	1
annotate	20
annotated	1
annotation	54
annotator	4
anonymous	1
another	11
answer	2
answering	1
anti-correlate	1
anti-correlation	1
antiquity	1
any	55
anywhere	1
ap	10
ap_def	3
apart	5
api	2
app	93
appeal	1
appear	11
appearance	1
append	4
appendix	16
applicability	3
applicant	3
application	26
applie	1
apply	74
approach	105
appropriate	7
approval	1
approve	2
approx	3
approximate	4
approximately	4
approximation	3
arbitrary	3
arch	6
architectural	1
architecture	38
architecture_v	1
area	28
arg	7
arguably	1
argue	3
arise	3
around	21
arrange	1
array	1
arrive	1
arrow	1
articulate	3
artifact	1
artificial	5
artist	1
artsy	1
arun	1
as	401
asian	1
aside	3
ask	6
aspect	9
assess	13
assessment	20
assign	16
assist	4
assistance	1
associate	20
association	2
assume	42
assumption	18
assurance	1
asymmetric	3
asymmetry	4
at	80
atmospheric	2
attach	1
attack	2
attain	3
attempt	6
attention	28
attgan	1
attibute	2
attractive	7
attractiveness	2
attributable	2
attribute	259
attribute-based	1
attributes	6
attribution	1
auc	1
auditingclassifiers	1
auditor	1
augment	1
augmentation	4
auroc	13
aurocs	1
author	9
authoring	1
auto_circ_p_circ	3
auto_ind_p_ind	3
auto_spic_p_spic	3
auto_spic_pred_circ	3
autoencoder	1
autofe	1
autofe_nonsem	5
autofe_section	3
automate	12
automated	1
automatically	6
automatically_generated_explanation	4
automation	9
automl	6
availability	4
available	24
avenue	1
average	51
avoid	4
aware	1
awareness	1
away	8
axiom	4
axis	1
b	38
b.	2
b_i	2
b_{ij}	2
bach	1
back	1
back-propagate	1
background	7
backsim	1
bad	4
badgeley	1
baker	3
balance	3
balazevic	2
ball	1
balog	1
banal	1
band	3
banded	1
bandit	1
bandwidth	1
bar	12
barely	2
barnett	2
barrier	2
base	75
based-item-centric	2
baseline	20
basis	10
bayesian	6
bd-video	1
be	1402
beam	1
bear	1
bearing	1
beauty	1
because	39
become	11
bedrax-weis	1
before	4
beforehand	1
begin	4
begin{aligned}	18
begin{bmatrix}	2
begin{dcases}	1
begley	1
behavior	12
behavioral	2
behaviour	5
behind	2
being	1
belief	1
believable	1
believe	3
belong	6
below	27
benchmark	8
benchmarke	1
beneficial	1
benefit	7
bengio	1
benign	8
benndorf	1
bert	3
bestcluster	4
beta	2
betavaeb	2
betavaeh	1
betweeen	1
between	87
beutel_etal	1
beyond	6
bf	1
bi	4
bi-rads	6
bias	18
bib	7
bibliography	5
bic	1
bicubic	1
big	21
bigbench	1
bigg	2
bilinear	3
billion	1
bin	6
binarize	2
binary	12
binary_fill_hole	1
binaryloss	1
biopsy	10
bird	1
bishop_prml	2
bizarre	1
black	8
black-box	6
block	5
blog	2
blond	1
blue	4
bmi	6
bmvc	1
bn	1
body	1
bold	1
bollen	1
bonilla_sanner	1
book	2
boolean	3
boost	1
bootstrap	2
border	4
boring	1
both	68
bottom	12
bottom-up	1
bottou_kmean	1
bound	2
boundary	3
boutilier	1
box	4
bpr	1
bracket	1
break	2
breast	30
breiman	1
brief	2
briefly	3
bring	3
brittle	1
broad	3
broadly	5
browse	1
brv	2
btcvae	2
bucket	1
budget	1
build	16
building	3
burden	1
burge	2
burke-critiquing	1
burnside	1
bury	2
business	2
but	86
by	288
c	58
c-ca	1
c.c	1
c.c.	1
c.r	1
c.t.	3
ca	1
cacm	1
calcification	1
calculate	9
calculation	7
calibration	1
call	15
can	204
cancer	5
cancerous	1
candidate	6
cannot	9
canonical	2
cao	1
cap	1
capability	3
capable	1
capacity	4
captum	3
capture	27
cardinal	3
care	3
carlo	5
cartoonish	1
case	72
case-based	6
catalog	1
categorical	1
categorize	1
category	7
causal	97
causal-enforced	1
causality	9
causally	3
causation	4
cause	10
cause-effect	4
cav	217
cav-based	1
cav-learning	1
cav-predictability	1
caveat	1
cavs	11
cb	2
cbis-ddsm	2
cdc	1
cdot	6
cea	2
celeba	42
celeba_additional	3
celeba_mouth	1
celeba_traversal	8
celebrity	1
cell	4
center	1
central	5
centre	2
certain	12
certainty	1
cf	3
cf-based	1
cfr	3
challenge	20
challenging	4
chance	3
change	18
channel	4
chaofan	3
chaofan.ch	1
characteristic	10
characterize	6
chattopadhay	4
check	13
cheesy	2
chen	5
chen_critiquing_survey	3
cherrier	3
chhatwal	1
chih-wei	1
choice	11
choose	24
chow	1
christina	1
christopher	1
ci	10
cifar	35
circ	16
circ_pred_circ_dp_ajou	1
circ_pred_circ_dp_akkn	1
circle	2
circumscribe	21
circumscribed	2
circumvent	1
city	1
claim	2
class	64
class-balance	1
class-specific	1
classic	1
classification	38
classification-relevant	1
classifier	20
classify	17
clean	1
cleaning	3
cleansing	1
clear	3
clearly	4
click	2
clinical	9
clinically	1
close	7
closed	1
closely	2
cluster	41
cluster_cost	5
clustering	3
cm	2
cnn	8
cnns	2
co-applicant	1
co-traine	1
co-training	1
coalesce	1
coalition	1
coapplicant	1
coarse	1
coarsely	2
coarsely-annotated	1
code	21
code_section	3
codebase	1
coefficient	10
cognitive	1
cognito	3
cohen	8
coherent	2
cold	1
cold-start	2
collaboration	1
collaborative	36
collaborative-filtering	1
collaborator	2
collate	1
collect	1
collection	2
collectively	3
college	2
colnet	1
color	1
colour	6
column	55
column-column	1
columnwidth	3
com	3
combat	3
combination	10
combinatoric	1
combine	9
come	13
comedy	4
comfortable	1
comment	1
common	16
common-sense	1
commonality	1
commonly	3
communication	1
community	2
compact	2
comparability	1
comparable	1
comparably	2
compare	28
compare_gradcam_viz_to_us	5
compare_v	1
compare_viz_expls	5
comparing	1
comparison	26
compelling	1
complement	3
complementary	1
complete	3
completely	3
completion	2
complex	14
complex-conjugate	1
complexity	9
complicated	2
component	20
component-wise	2
compose	1
comprehend	1
comprehensive	1
compressed	1
comprise	4
computable	1
computation	4
computational	2
computationally	2
computationally-efficient	1
computationally-tractable	1
compute	31
computer	7
computer-aided	6
computing	1
concentrate	1
concept	55
conceptactivationvector	1
conception	1
conceptually	2
concern	3
concise	2
conclude	3
conclusion	9
concrete	2
concreteness	1
condition	6
conditional	4
conditionally	1
conf	2
confidence	11
configuration	2
confirm	5
conflated	1
conform	1
confound	22
confounder	9
confounding	3
confounding_rw	3
confusing	1
connect	35
connection	8
connie	1
consequence	1
consequently	3
consider	47
considerable	2
considerably	1
consideration	5
consist	17
consistency	1
consistent	10
consistently	1
conspiracy	1
constant	5
constituent	4
constrain	5
constraint	23
construct	11
construction	4
constructor	1
consumer	1
consumer-grade	1
consumption	4
contain	21
content	4
context	28
context_auroc	1
contextual	1
contiguous	1
continue	3
continuous	2
continuum	1
contrast	13
contribute	2
contribution	9
control	12
conventional	2
converge	16
convergence	7
conversation	1
conversational	3
converse	1
conversion	1
convert	2
convey	2
convolutional	83
cookgan	1
cooperative	1
core	14
core-tensor	3
corpus	18
correct	7
correctly	6
correlate	5
correlation	27
correlation-based	1
correspond	39
correspondence	1
corresponding	7
corroborate	3
corruption	2
cos	2
cosine	1
cosmology	1
cost	17
could	25
count	2
counter	2
counterfactual	4
counterfactualclass	1
counterfactualintrospection	1
counterfactualvisualexplanation	1
counterpart	3
couple	1
course	3
covariance	2
cover	3
covid	2
cozy	1
cpa	4
craig	1
crawl	1
create	12
cremaschiprs	1
criterion	5
critic	1
critical	2
critically	1
critiquable	3
critique	77
critique_movielen	5
critique_movielens	1
critique_subjective_sense	11
critiquing	25
critiquing-based	2
crop	4
cropping	1
cross	1
cross-entropy	3
crucial	2
cs	1
cta	4
cumulative	1
cup	6
curate	1
current	6
currently	1
curse	1
curve	5
cwa	1
cyberpunk	1
cycle	2
cyclegan	1
cynthia	2
d	85
d-comparison	1
d-frequencie	1
d_e	27
d_g	3
d_k	7
d_r	6
d_s	1
d_u	2
dag	9
dag_example_drawn	1
dag_figure	5
damien	1
danger	1
dangerous	1
dark	3
data	89
data-driven	1
data-generation	1
data_section	3
database	5
dataset	38
date	1
datta	1
datum	311
dblp	3
dbpedia	5
ddm	1
ddsm	1
de	1
de-biasing	1
dearth	2
death	3
debate	1
debug	1
decay	1
decide	3
decision	23
decision-making	3
decoder	1
decompose	9
decomposition	11
decrease	3
deduce	1
deep	17
deepak	1
deeply	1
deepminer	1
defaultcol_class	3
defer	4
define	37
definite	2
definition	8
definitional	1
definitive	2
degree	50
degree-subjective	2
degree-subjectivity	1
delong	2
delta	2
delta_u	2
delve	1
demand	1
demigha	1
demonstrate	19
deng	1
denominator	1
denote	31
dense	1
density	2
department	1
depend	8
dependence	13
dependency	15
dependent	7
depiction	1
deploy	1
depth	2
derivation	1
derivative	2
derive	9
descent	5
describable	7
describablestexture	2
describe	40
description	7
descriptive	1
design	12
designate	6
desire	6
despite	8
det	2
detail	28
detailed	5
details	1
detect	14
detectable	1
detection	10
determination	1
determine	15
deterministic	3
detrimental	2
develop	28
development	8
deviation	1
devoid	1
diabetes	3
diagnosis	8
diagnostic	2
diagonal	3
diagram	2
diagrammatic	1
diagrammatically	1
dialogue	2
differ	11
difference	12
different	71
differentiate	2
differently	3
difficult	9
difficulty	2
digestible	3
digit	6
digital	5
digitize	1
dima	1
dimension	49
dimensional	11
dimensionality	9
dimensions	1
dimensions+term	2
dirac	2
direct	14
directed	1
direction	16
directional	1
directlingam	17
directly	18
director	1
disaggregative	1
disagree	8
disagreement	5
disambiguate	1
discern	1
disconnect	1
discount	1
discover	18
discoverable	1
discovery	28
discrepancy	1
discrete	2
discretize	1
discuss	21
discussion	3
disease	3
disentangle	19
disentangled	4
disentanglement	8
disentangling	1
disperse	1
display	10
disprefer	1
dissimilar	1
distance	17
distinct	14
distinction	2
distinctive	1
distinguish	10
distmult	2
distribute	4
distribution	29
distributions	1
disturbance	1
diverse	5
divide	4
divisive	1
dle	1
dnn	23
dnn_traine	1
dnns	2
do	84
docent	1
docstrings	1
doctor	5
doctor-annotated	2
doctoral	1
documentation	2
dodge	4
domain	26
domain-specific	1
dominate	1
dong	1
dot	6
dot-product	1
double	1
down	4
down-sampling	1
download	1
downplay	1
downstream	6
dramatic	2
dramatically	4
draw	18
drawback	1
drive	7
driver	1
drop	1
dry	1
ds	1
dsm	2
dsprite	13
dsprites	7
dual	2
dual-encod	1
due	12
duke	17
dundar	2
duplicate	2
duplicated	2
during	10
dvr	1
dynamic	2
dystopia	1
e	17
e-book	1
e.g.	75
e_i	5
e_j	2
e_o	4
e_s	4
each	185
early	5
earn	3
ease	1
easily	3
easy	6
ecml	1
edge	3
edu	6
education	1
edwards-fda	1
effect	9
effective	5
effectively	6
effectiveness	6
efficacy	2
efficiency	2
efficient	3
efficientjt	1
effort	3
eight	2
either	14
el	1
elaborate	4
elaboration	1
element	5
elicit	4
elicitation	15
eliminate	1
ell	24
ell_i	1
elter	1
elucidate	1
em	53
em-base	1
em-based	1
em-lambdarank	2
em-like	2
em-ranknet	1
em-style	1
emb	29
embed	58
embedding	38
embedding-space	2
embs	1
emerge	5
emotional	2
emphasis	1
emphasize	3
empirical	3
empirically	4
empiricalobjective	13
empiricalsubjective	1
employ	7
emptyset	2
en	1
enable	5
encapsulate	1
encaspulate	1
encode	5
encoder	3
encoding	4
encourage	11
end	2
end-to-end	3
endogenous	1
end{aligned}	18
end{bmatrix}	2
end{dcases}	1
energy	1
enforce	3
engine	1
engineering	12
enhance	4
enhancement	4
enough	5
enrich	2
enrichment	1
ensemble	1
ensure	16
entail	1
entangle	1
enter	2
enterprise	1
entertaining	1
entire	4
entirely	6
entity	38
entry	1
envision	1
ep	1
epoch	7
epsilon	3
eq	93
eqref	4
equal	3
equally	3
equation	22
equi-join	1
equipment	2
equivalence	1
equivalent	4
equivalently	1
erroneous	1
error	15
especially	9
essential	1
essentially	2
establish	1
estimate	33
estimating	1
estimation	3
estimator	1
et	6
etc.	16
ethical	1
ethnicity	1
euclidean	1
evaluate	39
evaluation	28
even	23
eventually	2
ever	1
every	13
evidence	4
exacerbate	1
exactly	8
exaggerated	1
exam	1
examine	5
example	95
exceed	4
except	1
exception	1
excess	3
exclude	6
exclusive	1
exclusively	1
execution	5
exemplar	2
exemplify	1
exhibit	18
exist	37
existence	9
exogenous	5
exp(-t)	1
expand	6
expect	8
expectation	3
expensive	4
experience	1
experienced	2
experiment	59
experimental	4
experimentation	3
expert	7
explain	43
explain_hp_long_withclipart	1
explainability	40
explainable	4
explaingan	1
explaining	2
explanation	92
explanationbyexageration	1
explicate	2
explicit	13
explicitly	7
exploit	9
exploration	4
explore	13
explorekit	2
expls	2
exponential	1
exposition	1
express	9
expression	6
expressive	2
exps_and_results	1
extend	18
extended	3
extension	2
extensive	2
extent	3
external	10
externally	1
extra	2
extract	20
extractable	2
extraction	5
extrapolate	1
extrapolation	1
extreme	2
extremely	3
eye	4
eyebrow	1
eyeglass	1
f	76
f-score	1
f.s.	2
f_i	4
f_y	5
f_y(x)	9
fa	1
face	1
faceted	4
facilitate	1
fact	13
factor	16
factorise	2
factorization	9
factorize	2
factorvae	1
factual	1
faculty	2
fadernetworks	1
fail	9
failure	1
fair	2
fairly	5
fairness	3
fairness-aware	1
faithful	1
fall	5
false	2
familiar	2
familiarity	1
family	1
fantasy	3
far	23
fashion	7
fast	3
fastica	1
fatality	1
faulty	1
fb	10
fcm	1
feasibility	1
feasible	2
feature	213
feature-packed	1
fechapter	2
feed	4
feed-forward	1
feedback	5
fegelod	1
feige	1
fellowship-trained	2
female	1
few	10
few-shot	1
fft	3
fgcs	1
ficus	1
fides	2
field	2
fifth	1
fig	327
figs	1
figure	52
file	1
filip	1
filipandkristian	17
fill	2
filter	14
filtering	26
filtering-style	1
final	7
finally	9
find	48
finding	4
fine	28
fine-annotation	35
fine-grained	6
fine-scale	5
fine-tune	2
fine-tuned	1
fine_attention	9
fine_v	1
fineannotation	1
fineloss	2
finely	5
finite	2
first	57
firstly	1
fit	5
fitting	1
five	9
fix	16
flag	1
flexibility	3
flexible	2
flip	1
flow	1
floyd	1
fluctuation	1
focus	16
focusse	1
fold	4
follow	42
follow-on	1
follow-up	1
following	3
for	727
forall	1
force	2
foremost	1
forget	2
form	36
formal	3
formalize	2
formally	1
format	1
former	1
formula	4
formulae	3
formulate	2
formulation	8
fortunately	2
foundation	2
foundational	1
four	12
fourier	18
fourier-base	1
fourier-space	2
fourth	2
frac	35
fraction	3
framework	47
free	2
freebase	1
freedom	1
freely	1
french	1
frequency	10
frequency-based	7
frequencyexplanation	1
frequently	5
friedman	2
friendship	2
from	202
frye	2
fs	1
fu	1
fulfill	1
full	6
full-expressivity	1
fully	38
fully-connected	1
function	48
functional	3
functionality	1
functionally	1
fund	2
fundamental	1
funny	15
furth	1
further	12
furthermore	3
future	10
fuzzy	2
g	222
g(i)	1
g_	2
gain	2
galhotra	5
game	2
gamma	7
gantner	3
gather	3
gaussian	4
gender	12
general	14
generalizability	1
generalizable	1
generalization	8
generalize	7
generalized	2
generally	14
generate	65
generation	9
generative	14
generic	4
generically	1
genetic	2
genre	8
genuine	1
geometric	3
geometrically	1
geq	6
get	8
getting	1
ghavamzadeh	1
ghost	1
gigabyte	1
giger	1
giriraj	1
github	2
give	90
global	16
global-shapley	1
globalaveragepooling	1
globally	2
gmail	1
go	3
goal	10
good	22
goodman-kruskal	6
goodman_kruskal_rank	1
goodness	1
gory	1
gov	1
govern	1
gpt	2
gpu	1
grad	4
gradcam	6
gradcam++	5
gradient	16
gradually	1
gram	1
grammar	2
granular	1
graph	36
graphical	4
graphs	3
graphviz	1
grateful	1
great	11
greatly	4
green	2
grid	1
grimm	1
ground	30
ground-truth	13
groundingvisualexplantions	1
group	21
grouplen	1
grow	2
growth	1
guarantee	6
guess	1
guide	3
göpfert	1
h	48
hadamard	5
haig	1
hair	4
half	5
half-star	1
hand	7
hand-drawn	1
hand-selected	1
handle	7
handwriting	1
haocounterfactual	1
hard	8
hardly	1
hardware	1
harper	3
harris	1
harsh	1
hashing	1
hassanzadeh	1
hat	6
hat{r}	11
hat{y}	14
have	194
he	2
he_etal	1
head	2
health	1
healthcare	1
healthy	5
heavily	4
height	8
heirarchy	1
held-out	4
help	25
helpful	2
helping	1
hence	9
her	17
here	36
heterogeneous	1
heuristic	7
hidden	2
hide	2
hierarchy	1
high	40
high-capacity	1
high-dimensional	14
high-frequency	7
high-level	1
high-quality	1
high-stakes	5
higher-dimensional	1
higher-frequency	1
higher-level	1
higher-rated	2
higher-resolution	1
highlight	26
highlighted	3
highlighting	1
highly	9
highly-rated	1
highly-trained	1
hinder	1
hinge	1
hint	2
his	1
histopathology	1
historical	4
hofer	1
hold	4
hole	10
holistic	1
homogenize	2
homophily	1
hope	3
horizontal	4
horror	3
horse	1
horst	1
hospital	1
hosvd	1
hour	1
how	46
however	31
hpodoc	2
hsu	1
ht	1
html	1
http://webdatacommons.org/webtables/	1
http://www.tylervigen.com/spurious-correlation	1
https://github.com/google-research-datasets/soft-attribute	1
https://github.com/google/big-bench	1
https://github.com/mitmedialab/viznet	1
https://github.com/yamaguchiyuto/pitf/	1
https://medium.datadriveninvestor.com/chatbot-conversations-gone-wrong-78f7c1af4401	1
https://tinyurl.com/inrule-business-rules-ml	1
https://venturebeat.com/datadecisionmakers/bias-in-ai-is-spreading-and-its-time-to-fix-the-problem/	1
https://www.data.gov/	1
https://www.github.com/rohangiriraj/causalkg	1
https://www.josecambronero.com/pdf/wranglesearch-draft.pdf	1
https://www.kaggle.com/imdevskp/corona-virus-report	1
https://www.tinyurl.com/forbes-automated-data-science/	2
https://www.tinyurl.com/yonatanrabinovich-loan	1
hu	1
hubert	1
huge	2
human	18
human-interpretability	1
human-interpretable	5
human-machine	1
human-rater	1
humor	2
hundred	1
hybrid	4
hybrid_algorithm	6
hyper-parameter	11
hypercube	2
hyperparam	2
hyperparameter	9
hyperparams	3
hyperplane	1
hypothesis	6
hypothesize	1
hyvaerinen	1
i	241
i.e	6
i.e.	40
i.i.d	1
iaia-bl	78
iaia_expls	9
ica	10
icadx	2
icalingam	7
iccv	4
icdm	8
icml	11
idea	8
ideal	9
idealized	1
ideally	2
identical	6
identically	1
identifiable	1
identification	4
identify	39
identity	5
if	79
ignore	4
ii	15
iii	6
iiitmk	1
ij	1
ijcai	1
ill-suite	2
illustrate	8
ilya	1
image	183
image-classification	1
image-to-image	7
image-weighted	1
imagenet	23
imagery	1
imaging	6
imaging-reporting	1
imbalance	1
imbue	1
img	3
immediate	1
impact	5
implement	4
implementation	6
implication	3
implicit	5
implicitly	1
imply	5
importance	6
important	19
importantly	1
impose	4
imprecise	1
impressive	1
improve	24
improved	3
improvement	20
imputation	5
impute	2
in	1032
in-coalition	2
in-common	3
in-depth	1
inaccurate	2
inappropriate	1
incl	1
inclination	1
include	45
inclusion	1
incoherent	1
income	4
incomplete	2
incomprehensible	1
inconsistency	1
incorporate	29
incorporation	1
incorrect	4
incorrectly	1
incorrectly-assumed	1
increase	28
increasingly	1
increment	1
incremental	1
incubation	1
incur	1
ind_pred_ind_dp_aimt	1
indeed	7
indefinite	1
independence	9
independency	1
independent	13
independently	1
index	4
india	1
indicate	15
indicator	4
indifferences	1
indirectly	1
indistinct	19
indistinguishable	1
individual	10
individually	1
induce	7
induced	2
industry	1
inexpensive	2
infer	9
inference	9
infinite	1
influence	9
influential	1
infogan	1
inform	2
informal	2
information	78
information-of-inter	1
informationbottlenecksaliency	1
informative	1
infrastructure	1
infty	3
inherent	2
inherently	6
initalization	1
initial	7
initialization	2
initialize	10
initially	2
inject	1
input	65
input-output	1
inscrutable	2
insect	1
insensitive	2
insert	6
insight	8
insist	1
inspection	2
inspire	4
instance	23
instantaneous	1
instead	23
institutional	1
instrument	1
integer	2
integrate	8
integratedgradient	1
integration	3
intel	1
intend	8
intense	1
intensive	2
intent	8
inter-domain	2
inter-rater	1
inter-table	2
interact	3
interaction	20
interactive	17
interannotator	1
interchangeable	1
interest	10
interested	4
interesting	6
interestingly	1
interface	1
intermediate	5
internal	1
international	4
interobserver	1
interpolation	1
interpret	16
interpretability	24
interpretable	31
interpretablebasisdecomposition	1
interpretation	15
intersection	1
intertable	1
interval	4
intervention	4
into	76
intra-user	1
intricately	1
intrigue	2
intriguingly	1
intrinsic	1
intrinsically	1
intro	2
intro_fig	9
intro_fig_v	1
introduce	15
introduction	5
introductionir	2
intuition	1
intuitive	3
intuitively	2
invasive	1
inverse	11
investigate	3
investigation	2
involve	7
irrational	1
irrelevant	11
irrespective	1
is	4
isolate	2
isolation	1
issue	8
it	122
item	210
item-attribute	1
item-embedde	1
item-oriented	3
item-space	2
iteration	6
iterative	1
iteratively	1
its	68
itself	15
iv	2
ivan	1
j	89
j.l	1
j.l.	1
jaan	1
jacobi	1
jade	1
ji	2
jmlr	4
joachim	1
job	2
john	1
join	8
joinable	2
joint	6
joint_training_obj	20
jointly	8
jointvae	4
joseph	2
josie	2
journal	1
jpg	3
judge	1
juneau	1
just	11
k	116
k(i)	5
k(j)	3
k_i	2
k_ik_j	1
kafe	1
kaggle	5
kaiming	1
kalchbrenner	3
kanter	1
kappa	14
kappa_x	4
kappa_y	2
karimi	1
katzss	2
kavitha	1
keep	2
keith-etal	1
kerala	1
kernel	5
kernel-based	2
kernelize	2
kernelized	1
key	12
keyconcept	1
keyconcepts	2
keyword	1
kg	50
kg-based	1
kgpip	1
kgs	1
khurana	5
kim	4
kimtcav	9
knob	1
know	24
knowledge	54
knowledgeable	1
kobashi	1
kononenko	1
koren_facted	1
krestel	1
krichene	1
krisztian	1
krohn-grimberghe	1
kunesch	1
kurtosis	5
kuzmin	1
l	55
l_a	6
label	75
labeling	2
labelling	1
label{lingam}	1
label{scm}	2
label{triple}	1
laboratory	1
lack	3
lake	4
lambda	3
lambda_c	2
lambda_f	2
lambda_s	2
lambdanet	3
lambdarank	38
landis	1
landscape	1
language	15
large	35
large-scale	2
largely	2
lars	1
last	10
late	1
latent	84
latent-space	1
latent-value	13
later	2
latter	4
law	2
lay	2
layer	93
lazarus	3
lb	1
ldots	9
lead	18
learn	108
learnable	1
learned	2
learning	44
learning-based	2
learning-to-rank	1
least	16
leave	25
left	1
leftarrow	9
leftmost	1
legal	1
lehman	1
lend	1
length	1
length-scale	1
leq	11
lesion	65
lesion-scale	9
less	25
less-experienced	1
less-frequently	3
let	17
level	19
leverage	13
leveraged	1
leveraging	1
lexicon	2
lfe	4
lfloor	2
li	2
library	3
lie	3
lieu	1
lift	1
light	1
light-hearted	1
lighting	1
like	26
likelihood	3
likely	15
lime	1
limit	5
limitation	11
limited	10
lin	21
lin-emb	8
lincoln	1
line	7
linear	84
linearity	1
linearly	1
linewidth	20
lingam	19
link	7
linking	1
lipovetsky	1
list	7
lit_review	5
literature	8
little	5
liu	1
live	2
ll	1
lo	2
loan	7
local	24
local_ana	1
locality	1
localization	4
localize	1
locally	2
location	2
log	18
logic	5
logical	2
logistic	42
logit	5
logregr	2
london	1
long	5
look	5
lookup	1
loose	1
loss	56
love	2
low	11
low-dimensional	6
low-frequency	2
low-rank	2
lower	1
lower-dimensional	2
lower-rated	3
lower-triangular	3
lowercase	1
lowfer	2
lsh	1
lu	1
luo	7
m	58
m.	2
m_r	1
machine	35
machine-learned	2
macrad	1
macura	1
magnitude	2
main	16
maine	2
mainly	1
mainstream	1
maintain	2
major	5
majority	3
make	42
maker	1
making	1
male	3
malignancy	39
malignant	10
mammogram	19
mammographic	3
mammography	15
man	3
manage	2
management	2
manifest	1
manifold	2
manipulate	1
manner	1
mansir	1
mantistable	1
manually	2
manuscript	1
many	27
map	79
mapping	12
mapsto	2
margin	108
margin_result	4
margin_results	2
marginal	2
marginalisation	1
marinho	1
marital	2
mark	13
markov	2
markovitchrosenstein	1
markus	1
marlin	1
married	1
mask	15
mass	86
mass-margin	54
masse	7
massive	1
match	8
matching	5
mathbb	6
mathbb{r}	16
mathbf	154
mathbf{p}	11
mathbf{r}	6
mathbf{t}	4
mathbf{v}	2
mathbf{w}	3
mathbf{x}	29
mathbf{y}	4
mathbf{z}	12
mathcal	1
mathcal{d}	3
mathcal{e}	1
mathcal{h}	1
mathcal{i}	8
mathcal{k}	4
mathcal{l}	2
mathcal{n}	2
mathcal{o}	3
mathcal{q}	5
mathcal{r}	3
mathcal{t}	2
mathcal{u}	10
mathcal{w}	4
mathcal{x}	2
mathcal{z}	3
mathematical	2
mathit	15
mathit{obj}	2
mathit{subj}	2
mathit{uau}	8
mathit{umu}	6
mathop	1
mathrm{argmax}	1
mathrm{avg}	1
mathrm{mink}	10
matricize	1
matrix	61
matter	1
max	6
max-poole	10
max-pooling	1
max_k	1
max_u	2
maximal	1
maximally	2
maximize	5
maximum	10
may	61
mayoraz	1
mcauley	1
mcfee	1
mckinney	4
md	4
mean	35
meaning	8
meaningful	12
meaningless	1
means	2
measure	26
mechanically	1
mechanism	9
mediate	1
medical	13
medical-grade	1
medically	34
medicine	2
meet	2
mehrabi	1
memasa	1
member	2
memei	1
mention	3
met.	1
meta-data	1
meta-learne	1
meta-tag	14
metalearne	1
method	170
methodology	9
methods	3
metric	22
mi	1
michael	1
micro-f	1
microcalcification	1
microlobulate	1
microlobulated	1
middle	7
might	21
mijolla	1
mikolov	1
mild	1
million	7
mimic	1
min	13
min_u	2
mind	2
mindless	1
mine	8
minima	1
minimal	2
minimally	1
minimise	1
minimization	4
minimize	12
minimizer	1
minimum	4
mining	8
mining_review	1
minker	1
mipformulation	1
misclassification	3
misleading	1
mismatch	2
misprediction	1
miss	4
missed	2
missing	1
mistake	1
mit	1
mitigate	1
mitigating	3
mix	4
mix-max	1
mixed	2
mixture	8
mixture-of-gaussian	1
ml	5
ml-based	1
ml_section	3
mladenov	1
mnist	22
modality	2
mode	11
model	405
model-agnostic	6
model-free	1
model-input-space	1
model-specific	1
model_traine	1
model_training	4
modeling	6
modelingcp	1
modelling	2
models	1
modern	1
modest	2
modification	3
modify	6
modular	4
module	4
mohammad	1
moment	4
monitor	2
monotonically	1
monster	2
monte	5
monte-carlo	2
mood	1
more	101
moreover	10
morphology	1
mortality	1
most	59
mostly	3
mothilal	1
motivate	2
motivation	2
moulin	1
mouth	5
move	6
movie	56
movielen	9
movielens	51
movielens_subj	6
mrr	1
mu	2
mu_k	2
mu_x	1
much	13
multi	1
multi-arm	1
multi-attention	1
multi-class	1
multi-dimensional	2
multi-relational	1
multi-set	1
multi-stage	1
multinomial	1
multiple	13
multiplication	1
multiplie	2
multitude	1
music	1
must	12
mutual	3
mutually	1
my_label	3
n	56
n/a	9
n_d	3
n_e	5
n_i	9
n_r	9
n_s	3
n_u	5
n_{dd}	3
n_{dim}	2
n_{ss}	3
nam	1
name	1
namely	4
narrow	2
native	1
natural	12
natural-language-based	1
naturally	4
nature	8
navigate	2
navigation	1
naïvely	1
nci	1
ndcg	1
ne	1
ne-columns	1
near	6
nearby	1
nearly	1
neatly	1
necessarily	1
necessary	3
need	25
negative	37
negative-label	1
negative_sampling_comparison	3
negigible	1
neglect	1
negligible	3
neighbor	1
neither	4
nema	1
neq	11
net	1
network	37
networkfoole	1
neural	17
neural-network	1
neurips	1
neuron	1
never	2
new	28
news	1
next	12
neyman-rubin	1
ng	1
nicolas	1
nih	1
nine	1
nip	2
nips	3
nl	9
nl-emb	8
nlp	3
nlp_expression_section	3
nlpexplanation	1
no	39
no.	1
nocewrig	1
node	5
noise	11
noisily	2
noisy	11
non-beneficial	1
non-convergence	1
non-em	4
non-experimental	2
non-expert	1
non-gaussian	13
non-gaussianity	2
non-imaging	1
non-interpretable	1
non-linear	2
non-medical	3
non-monotone	1
non-parametric	2
non-robust	8
non-semantic	2
non-striped	1
non-subjective	8
non-transparent	1
non-zero	1
non_subjective	3
non_subjective_all	1
non_subjective_movielens	11
non_subjective_non_linear_ranking_simple	1
nonconvex	1
none	1
nonetheless	1
nonlinear	75
nonlinearity	2
nonumber	2
nor	4
norm	5
normal	2
normalization	3
normalize	6
not	157
not-missing-at-random	1
notation	4
note	18
notebook	9
nothing	1
notice	7
noticeable	1
notion	4
novel	13
now	7
np	3
ntn	2
nuance	1
null	2
number	89
numeric	6
numerical	8
numerous	4
numpy	3
o	1
o(lns)	1
object	11
objective	37
objectivecavs	7
oblivious	1
obscure	1
obscured	1
observable	6
observation	3
observational	2
observe	10
observed	1
observer	2
obstacle	1
obtain	21
obvious	1
occam	1
occasion	1
occasionally	2
occluded	1
occlusion	1
occupy	1
occur	2
odd	4
odot	5
of	1582
off-the-shelf	1
offer	20
offline	3
often	37
omit	2
on	339
once	8
one	87
one-hot	1
only	70
onto	4
ontology	3
open	10
open-ended	4
open-source	1
operate	3
operation	8
operationally	1
operator	1
opportunity	6
opposite	1
optima	2
optimal	2
optimise	2
optimization	7
optimize	12
option	9
or	211
order	31
ordering	6
ordinal	5
orel	1
organize	6
orientation	3
origin	1
original	13
orthogonal	2
oscillation	1
osherson	1
other	92
otherwise	13
our	236
ours	4
ourselves	1
out	6
out-of-coalition	3
out-of-distribution	1
outcome	1
outli	1
outline	5
outperform	13
output	23
outside	7
over	48
overall	9
overcome	5
overfitting	1
overlaid	1
overlap	4
overline{g}	9
overly-generic	1
overly-specific	1
overrated	1
overrule	1
overview	14
overview_figure	1
own	1
p	47
p(y)	1
p_j	1
pa_i	3
package	2
page	1
pair	14
pairwise	19
panel	1
pang	1
paper	24
paradigm	5
parameter	36
parameterize	1
parent	1
parent(s)	2
parenthesis	4
park	3
parody	1
part	48
partial	1
partially	1
particular	27
particularly	3
partition	3
partitioning	2
partly	1
pass	7
past	2
patch	48
path	2
path-connected	1
patient	17
pattern	19
pc	1
pca	2
pdf	17
peak	4
pearl	5
pearlean	1
pearson	1
penalize	20
per	3
per-attribute	1
per-rater	1
per-user	4
perceivable	1
perceptible	1
perceptron	1
perfect	4
perfectly	1
perforate	1
perform	35
performance	37
perhaps	2
perimeter	2
periodic	1
periodicity	1
permit	2
permutation	1
persist	1
person	2
personal	14
personalize	2
personalized	8
perspective	3
perturb	5
perturbation	7
perturbation-based	1
peter-clark	1
pexeso	2
ph	1
pham	1
phenomenon	1
phi	36
phi_f(i)	2
phi_g	37
phi_g(i)	7
phi_g(j)	2
phi_i	18
phi_i(i)	20
phi_i(j)	3
phi_u	14
phi_u(u)	17
phi_v(i)	4
phi_v(j)	1
phi_{i}	2
phrase	2
physical	2
physically	2
physician	2
physician-annotator	1
physics	1
physiology	1
pick	3
piecewise	1
pipeline	8
pitf	20
pixel	30
pixel-based	11
pixel-baseline	18
pixel-level	1
pixel-wise	1
pixel_baseline	1
pixel_baseline_mouth	1
pixel_mouth	5
plain	1
planning	1
platform	2
plausibility	1
plausible	3
play	3
player	6
plenty	1
plot	5
pmlr-v	1
png	30
point	17
point-wise	3
pointless	1
pointwise	1
politic	1
political	1
polynomial	4
polynomially	1
pool	1
pooling	20
poor	1
poorly	1
popular	5
popularity	3
population	6
portion	8
pose	3
position	5
positive	27
positively	2
possess	8
possibility	3
possible	15
possibly	5
post-hoc	2
posthoc	6
postulate	2
potential	4
potentially	3
power	5
powerful	4
ppnet	26
practical	3
practice	8
practitioner	4
pre-commitment	1
pre-defined	1
pre-existe	2
pre-processe	1
pre-traine	3
pre-trained	10
prec	2
precede	3
preceede	1
precise	6
precisely	3
precision	20
preddiffanalysis	1
predefined	1
predicate	4
predict	65
predictability	1
predictable	1
prediction	86
predictive	12
predictor	5
prefer	5
preference	47
preference-irrelevant	1
preference-related	1
preferred	2
preliminary	4
preparation	15
preprocessing	1
presence	11
present	36
preserve	2
presumably	1
pretraine	1
prevent	2
previous	8
previously	3
price	2
primarily	7
primary	5
primate	1
primitive	2
principal	1
principle	4
principled	3
prior	12
priori	1
prioritize	1
priyogi	1
probabilistic	4
probability	27
probe	1
problem	42
problematic	3
procedure	14
proceed	2
process	39
processing	3
processor	1
prod	2
produce	23
product	15
product-specific	1
progess	1
programming	4
progress	2
project	9
projection	8
prominent	3
promise	5
promising	4
promote	1
prompt	1
propensity	3
properly	2
properties	1
property	20
proportion	4
proportional	1
proposal	1
propose	36
propositional	1
propositionally	2
propto	4
protect	1
proto_sets_circ	1
proto_sets_ind	1
proto_sets_spic	1
protopnet	28
protopnet-based	1
protopnet-style	1
protos_pushed_on_all_circ	3
protos_pushed_on_all_ind	3
protos_pushed_on_all_spic	3
protos_pushed_on_fine	3
protoset	4
prototype	210
prototype_set	5
prototypical	22
prove	1
provide	91
proxy	1
prune	7
pruned	1
pruning	1
psycholinguistic	1
pu	1
public	2
publicly	8
publish	1
purchase	1
purely	1
purple	1
purpose	9
push	1
put	2
pykg	2
python	1
pytorch	4
q	12
q_tensor_eq	4
quadratic	1
quadratically	1
qualitative	1
qualitatively	1
quality	24
quantify	1
quantitative	2
quantitatively	2
quantity	2
query	7
querying	1
question	15
quickly	1
quirky	1
quite	5
r	65
r_i	2
r_k	2
r_{ui}	1
radiologist	46
radiologist-annotated	1
radiologist-annotator	2
radiologist-supplied	1
radiology	5
radlinski	4
raise	3
ram	1
ramachandran	1
random	19
randomized	2
randomly	11
randomly-drawn	2
randomness	1
range	3
rank	28
ranking	14
ranking-based	3
rankingloss	4
ranknet	45
rarely	1
rashid	1
rate	20
rater	38
rater-based	1
rater-generated	1
ratereval_movielen	3
ratereval_sa	3
ratereval_setup	3
rather	18
rating	62
ratings	1
ratio	4
rationale	1
raw	12
rawashdeh	2
razor	1
rbf	1
rcent	1
reach	3
reader	3
readily	2
real	6
real-valued	1
real-world	9
realistic	6
reality	1
realize	2
reason	6
reasonable	2
reasonably	2
reasoning	32
recall	9
receive	5
receiver	2
recent	12
recently	6
reciprocal	1
recognition	3
recommend	13
recommendation	30
recommender	71
reconstruct	2
record	2
recourse	1
recsim	2
recsimng	1
recsy	3
recsys	3
rectangular	1
recurrent	1
recursive	2
recursively	1
red	6
redirect	1
reduce	18
reduction	2
redundant	1
ref	225
refactoring	1
refer	21
reference	237
reference-type	229
refine	4
refined	1
reflect	21
refuse	1
regard	2
regardless	1
regenwetter-bsc	1
regime	2
regina	1
region	37
regr	13
regression	39
regressor	8
regular	1
regularity	1
regularization	8
regularize	5
regulator	1
reichenbach	1
reinforce	1
reinforcement	3
reject	2
relate	11
related	13
related-work	1
relation	15
relational	2
relationship	47
relative	17
relatively	8
relatively-abundant	1
relaxation	1
relaxed	3
release	2
relevance	5
relevant	58
reliably	2
relu	1
rely	8
remain	11
remainder	2
remark	1
remember	1
removal	1
remove	8
ren	2
rendle	9
rendle_bpr	1
repartition	1
repeat	7
repeatedly	1
replace	7
replacement	1
replicate	1
report	15
reporting	1
repository	6
represent	58
representation	94
representative	1
require	28
requirement	1
resample	3
rescal	6
research	11
researcher	2
resemble	3
reshape	1
residual	3
resize	2
resnet	7
resolution	1
resort	1
resource	1
resp	8
respect	24
respective	2
respectively	13
resplit_auroc_over_fa	1
resplit_hp_over_fa	1
respond	1
response	16
rest	6
restrict	8
restricted	1
restriction	2
result	118
resultant	2
results	1
results_mal	1
results_margin	3
retain	1
retrain	2
retrieval	1
retrieve	2
retrospective	1
return	3
reveal	1
reverse	1
review	12
reviewer	1
revolutionize	1
rfloor	2
rgb	1
rho	3
rho_{ab}	1
rho_{xy}	3
rich	4
richness	1
right	27
rightarrow	5
rightmost	1
rise	2
risk	1
rmse	1
robust	21
robustness	1
robustness_github	5
robustpaper	1
roc	2
roc_curve_mal_testonly	1
roc_curves_ep	3
roc_massmargin_results	3
rohan	2
roi	6
rois	1
role	4
roman	1
romance	2
romantic	1
root	1
rotate	1
rotation	1
rough	2
roughly	4
routine	1
row	14
rp	6
rr	4
rudin	3
rule	4
rules-based	6
run	4
runtime	1
s	107
s(g)	4
s(i)	1
s(t)	1
s.t.	1
s^j	2
s_g	5
s_i	1
s_j	7
s_m	2
sainyam	1
sake	1
salakhutdinov-mnih	1
salary	1
saliency	3
salient	1
salim	1
same	63
same-class	2
sample	33
sampling	8
samulowitz	1
sanity	2
sappy	1
satire	2
satisfy	12
saturate	1
save	1
saving	1
say	6
sb	2
scalable	1
scale	13
scale-invariant	1
scarce	1
scary	1
scenario	3
schaechtle	1
schaffter	1
schema	2
schema-on-read	1
scheme	5
schmidhuber	2
schoelkopf	1
schramowski	1
schwartz	2
schwarz	1
schwedes	1
sci-fi	4
science	38
scientific	1
scientist	14
scipy	1
scm	13
scms	2
scope	1
score	60
score-based	3
scoring	6
screening	2
script	2
sdd	3
sdi	1
search	18
sec	147
second	24
second-order	1
secondly	3
section	60
security	1
see	52
seek	3
seem	4
select	18
selection	5
selectively	3
self	3
self-activation	1
selfexplainingnn	1
selvaraju	4
sem	1
sem_vision_arch	1
semantic	199
semantic-oblivious	1
semantic-rep	3
semantic-shapley	2
semantic_shapley	1
semantically	14
semantically-driven	1
semantically-meaningful	1
semanticdatasciencepaper	1
semantics	6
semantics-based	1
semantics-oriented	2
semanticvision_new	1
semex	1
semi-supervised	1
semsearch	1
semtab	1
sense	136
sense-conflated	4
sense-subjective	4
sense_stats_movielens	3
sense_stats_softattribute	1
sense_stats_softattributes	2
sensible	2
sensitive	11
sensitivity	12
sentence	1
sentiment	1
separate	8
separately	1
separation	11
separation_cost	5
separator	1
sequence	2
series	2
serious	1
serve	4
service	1
session	1
set	191
setminus	5
setting	19
setup	4
several	21
severely	1
sfd	1
sgd	1
shaded	1
shap	1
shape	13
shapley	71
shapley-based	1
shapley_mouth	5
share	1
she	5
shed	1
sheer	2
sherlock	1
shimauchi	1
shimizu	6
ship	1
short	1
shortcoming	1
should	13
show	101
showcase	2
shrikumar	1
sickle	3
side	8
sigir	17
sigma	12
sigma(t)	1
sigma_	1
sigma_k	5
sigma_x	1
sigmoid	5
sign	6
signal	3
signature	1
signficant	1
significance	2
significant	2
significantly	5
silly	1
sim	2
similar	29
similarity	60
similarly	8
simonyan	5
simple	27
simplicity	5
simplification	1
simply	9
simulate	1
simultaneously	1
since	59
singh	1
single	24
single-peaked	5
single-sense	1
singular	1
sinnu	1
sinnu.thomas@iiitmk.ac.in	1
sit	1
size	19
sized	1
sketch	1
sketched	1
skin	1
slapstick	1
slate	19
slice	3
slight	1
slightly	8
slow	1
small	53
small-scale	1
smile	1
so	40
so-generate	1
soar	1
social	3
societal	2
soffer	2
soft	98
soft-attribute	7
softattribute	7
softattributes	15
softmax	3
software	1
solely	1
solution	5
solve	4
some	66
something	3
sometimes	2
somewhat	5
sondhi	1
song	1
sora	1
sort	1
sought-after	1
sound	1
source	18
space	59
spareseness	1
sparse	8
sparser	1
sparsity	2
spatial	6
spatially	2
spearman	4
special	6
specialized	1
specific	43
specifically	14
specification	3
specified	3
specify	8
spectrum	2
speech	1
speed	1
spic_pred_circ_dp_akvp	1
spic_pred_spic_dp_akay	1
spic_pred_spic_dp_alfq	1
spiculate	7
spiculated	26
spicule	17
spiral	1
spirit	1
spirte	3
spite	1
splice	2
split	8
spreadsheet	1
sprite	6
sprmn	15
spur	1
spurious	3
sqcup	4
sql	1
sqrt	1
square	17
srinivas	1
stabilization	2
stable	2
stage	32
stand	2
standard	17
standardized	1
star	1
stargan	1
start	5
state	5
state-action	1
state-of-the-art	5
statement	2
statistic	5
statistical	15
statistically	4
status	2
stay	2
steady-state	3
steffen	1
step	27
stereotypical	1
stgan	7
stgan_github	1
stick	2
still	9
stochastic	3
stop	5
store	3
story	2
straightforward	5
straightforwardly	1
strategy	8
stratify	2
street	1
strength	2
stretch	1
strict	2
strictly	3
string	4
stripe	6
stroke	2
strong	11
strongly	1
structural	5
structurally	1
structure	18
structured	4
study	24
stumble	1
style	5
stylish	1
stylize	1
stylized	1
sub-function	1
sub-interval	1
sub-population	2
sub-problem	1
sub-specialist	1
subject	15
subjective	47
subjective_degree_non_linear_ranking_lambda	1
subjective_sense_lambdarank	1
subjective_sense_nonlinear_logistic	1
subjective_sense_ranknet	1
subjectivecav	3
subjectivecavs	4
subjectivedegree	1
subjectively	1
subjectivesense	1
subjectivity	78
subjectivity_degree	3
subjectivity_movielen	3
subjectivity_sense	5
subnetwork	2
suboptimality	1
subscript	3
subsec	6
subsection	3
subset	20
subseteq	7
substack	1
substantial	2
subtle	1
succ	7
succ_g	1
success	3
successful	1
successfully	1
such	122
suffer	3
suffice	1
sufficient	3
sufficiently	5
suggest	18
suit	1
suitable	7
suite	1
suited	1
sum	44
sum_i	3
sum_k	1
sum_u	5
summarization	1
summarize	9
sun	1
sundararajan	1
supervise	3
supervised	3
supervision	2
supplementary	3
supply	1
support	14
suppose	4
suppress	1
sure	1
surface	1
surprising	1
surreal	1
surround	3
survey	5
susan	1
suspect	1
suspicious	1
sutton	1
svd	1
swath	1
swd	4
symbolic-ai	1
symmetric	2
synthetic	52
synthetically	1
syntheticdata	9
system	98
systems	2
t	44
t_g	2
t_{kernel}	3
t_{u}	2
tab	59
table	61
tableminer+	1
tabular	6
tabular_data_section	3
tag	297
tag-and-rate	1
tag-application	1
tag-comparison	2
tag-data	1
tag-instance	1
tag-item	1
tag-s	4
tag-specific	1
tag-user	1
taggable	2
tagging	9
tagging-base	1
tags	2
tail	1
take	31
takeoka_oyamada_nakadai_okadome	1
talk	1
tallinn	1
tang	3
tania	1
tansparent	1
tao	2
target	19
targeted	2
task	50
tasks	1
tau	28
tau_g	5
taylor-cho	1
tb-ic	3
tb-rc	3
tcav	6
tcvae	2
team	4
teammate	1
technical	2
technique	60
technology	4
tell	1
temperature	1
temporal	1
ten	1
tend	8
tendency	2
tensor	36
tensorflow	1
tensorq	3
term	38
terminate	5
termination	1
terminology	1
terrifying	1
test	67
testing	12
text	31
textbf	19
textbf{a}	4
textbf{bs}	1
textbf{b}	7
textbf{c}	3
textbf{e}	6
textbf{i}	2
textbf{m}	1
textbf{p}	1
textbf{q}	3
textbf{r}	1
textbf{s}	1
textbf{w}	2
textbf{x}	3
textbf{y}	2
textrm	2
textrm{ap}	5
textrm{avgpool}	5
textrm{a}	4
textrm{cav}	5
textrm{class}	1
textrm{clustercost}	4
textrm{crossentropy}	4
textrm{fineloss}	4
textrm{mal}	1
textrm{margin}	2
textrm{min}	4
textrm{separationcost}	4
textrm{topk}	4
textrm{upsample}	14
textual	3
textually	1
texture	32
textwidth	13
text{avgpool}	2
text{a}	1
text{cfr}	1
text{circumscribed}	6
text{class}	16
text{indistinct}	6
text{malignancy}	1
text{mal}	13
text{margin}	36
text{otherwise}	1
text{patches}	4
text{prob}	1
text{rmse}	2
text{sgn}	2
text{spiculated}	6
text{topk}	2
th	16
than	65
thank	1
that	555
the	2867
their	69
theme	1
themselves	3
then	55
theoretical	2
theoretically	1
theoretically-controlled	2
theory	3
there	59
thereby	4
therefore	1
these	138
theta	15
theta_i	11
theta_n	1
theta_u	12
they	88
thickness	2
thing	1
third	9
this	347
thislookslikesthat	1
thomas	1
thoroughly	1
those	43
though	17
thought-provoke	3
thought-provoking	2
three	30
three-way	1
threefold	1
threshold	29
through	28
throughout	1
thus	20
tie	1
tight	1
tilde	8
time	74
time-complexity	1
time_dim	1
time_dim_graph	3
times	1
tissue	7
title	5
tkde	1
tnnls	2
to	1227
tobias	1
together	2
tolerance	1
tom	1
tomosynthesis	2
tone	1
too	6
tool	4
top	64
top-down	1
top-k	5
top-n	1
top_{u}	2
topic	3
topkk	1
topological	1
topologically	1
total	3
toward	1
towards	6
trabelsi	2
tractable	1
trade-off	1
traditional	5
traditionally	2
train	118
train-test	2
trained	1
training	169
training_with_movielens_tag	7
training_with_softattributes	3
transe	2
transfer	1
transform	21
transformation	15
transformer	2
transh	1
transitivity	2
translate	5
translation	11
translation-dimension	1
translation-invariant	1
translational	2
transr	2
traversal	5
treat	20
treatment	2
trend	5
trial	5
triangular	1
triple	44
tripods	1
trivially	1
troubleshoot	1
true	10
truly	1
truncate	2
trust	5
trustworthiness	1
trustworthy	3
trustworthy_section	3
truth	19
try	9
tucker	16
tunable	3
tune	7
tuning	1
tuple	2
turn	8
twice	1
two	74
two-fold	1
two-tower	10
twofold	1
tyler	1
type	63
typical	4
typically	7
u	197
u(i)	3
u_g	5
u_i	5
u_{g}	1
uai	2
ubiquity	1
ucl	1
udayan	1
uk	1
ul	6
ultimately	2
umuai	3
unable	2
uncertainty	5
unchanged	1
unclutter	1
uncomparable	1
uncover	12
under	10
undergo	2
underlie	28
underlying	4
underscore	1
underset	1
understand	20
understandable	1
understanding	15
unexplored	1
unfortunately	1
unidentifiable	1
uniform	6
uniformly	2
uninterpretable	6
union	4
unioned	1
unique	11
unit	5
universally	1
universe	1
university	9
unknown	3
unlabelled	5
unless	2
unlike	3
unlikely	4
unmixe	2
unnecesary	1
unnormalized	5
unnumbered	2
unobserved	1
unorganized	1
unpruned	5
unrated	1
unrealistic	3
unreliable	2
unrestricted	1
unseen	2
unspecified	1
unstructured	2
unsupervise	2
unsupervised	5
unsurprisingly	1
untagged	2
untangle	1
until	5
untouched	1
untrained	1
up	5
upbeat	1
update	14
updating	1
upon	6
upsampled	2
upsampling	2
usa	1
usage	27
use	468
useable	1
useful	25
usefulness	1
user	310
user-critiquing	1
user-dependent	1
user-generated	1
user-independent	3
user-interpretable	1
user-item	23
user-item-genre	1
user-item-tag	4
user-item-tags	1
user-oriented	1
user-partitioning	1
user-response	1
user-specific	3
user-specified	1
user-supplied	1
user-tag	1
user_study	7
ustun	1
usually	11
utility	101
utility-relevant	1
utilize	6
v	16
vaekingma	1
valid	3
validate	5
validation	12
validity	2
valizadegan	1
valuable	2
value	120
value-function	4
vampire	1
vanilla	1
varepsilon	7
variability	1
variable	59
variance	2
variant	5
variation	15
variational	2
variety	7
various	26
vary	11
varying	1
vase	4
vast	1
vec	2
vector	36
vectorize	2
vectorized	3
vendrov	3
verify	2
version	3
vertex	1
vertical	5
very	17
vgg	18
vhs	1
via	9
viable	2
viappiani	2
vibrant	1
video	1
view	6
viewpoint	1
violate	1
violation	1
violence	3
violent	24
virtually	1
vision	5
visual	4
visualization	6
visualize	7
visually-localised	1
vital	1
viz	1
viznet	1
vocabulary	3
volume	4
vs	6
vs.	7
vstrumbelj	1
vulnerability	1
w	4
w.r.t.	5
w_g	2
w_r	8
waiting	1
wal	9
walid	1
walk	1
wals_training	1
wang	6
want	4
war	1
warm	2
warrant	1
watchful	1
way	23
we	695
weak	7
weakly-supervised	2
weaklysuperviseddisentanglement	1
weakness	2
wealth	1
web	5
webtable	2
weight	29
weighted	7
welbeck	1
welch	1
well	72
well-chosen	2
well-defined	2
well-founded	1
well-known	1
western-cultural	1
what	12
when	63
where	106
whereas	6
wherein	1
whether	33
which	185
while	53
white	3
white-pixel-count	1
who	19
whole	1
whom	1
whose	17
why	9
wicr	1
wide	4
widehat{mi}	2
widely	2
widespread	2
width	49
wiki	1
wikidata	1
wikipedia	7
wikitables	1
wild	1
will	34
willingness	1
window	2
winkler	1
with	393
within	14
without	21
wn	5
woman	1
word	7
wordnet	1
work	97
work-in-progress	1
workflow	1
workshop	1
world	5
worldly	1
would	27
woven	1
wrangle	2
wranglesearch	1
write	5
writing	1
wrong	2
wrt	1
wsdm	2
wu	7
wwd	6
www	5
x	81
x(t)	2
x(z)	3
x_i	9
x_ith	2
x_j	6
x_m	2
x_n	4
x_s	3
x_{ijk}	1
xgboost	1
xiao	1
xrightarrow{predicate}	2
y	65
y.	1
y.r.	2
y_i	7
y_{ijk}	3
yago	2
yago_factorizing	1
yang	2
yangetal	3
yanndub	2
yasunaga_lafferty	1
year	6
yet	4
yield	5
yietal	1
yinhao	2
yinlam	1
yoon	1
you	2
young	3
z	12
z(x)	6
z_i	1
z_j	2
z_k	3
z_s(x)	3
zebra	2
zech	3
zero	1
zero-mean	2
zero-valued	1
zeta	1
zhang	1
zhao	2
zheng	1
zheng_faceted_survey	2
zhou	1
zhu	1
zipf	1
zoller	1
zombie	2
zou	1
{	914
{;	1
{a}e	1
{h}_a	1
{ij}x_j	1
{m}_i	22
{m}s	1
{num}_u	1
{pa}_i	2
{pt}_u	3
{p}_j	74
{p}_j-f	2
{p}_m	7
{rated}_u	6
{tagged}_u	4
{v}_i	3
{w}_u	3
{x}_i	45
{y}_i	9
|	104
|x	1
}	909
}$;	1
}:	1
};	4
~	3
